<?xml version="1.0" encoding="UTF-8" ?>
<!DOCTYPE mapper PUBLIC "-//mybatis.org//DTD Mapper 3.0//EN" "http://mybatis.org/dtd/mybatis-3-mapper.dtd" >
<mapper namespace="dao.ApplyMapper">


    <resultMap type="Pojo.Apply" id="ApplyUserlistResultMap">
        <id property="id" column="id" />
        <result property="house_id" column="house_id" />
        <result property="address" column="address" />
        <result property="area" column="area" />
        <result property="price" column="price" />
        <result property="userlist_id" column="userlist_id" />
        <result property="status" column="status" />
        <association property="userlist" resultMap="userlistResultMap" />
    </resultMap>

    <resultMap type="Pojo.Userlist" id="userlistResultMap">
        <id property="id" column="id" />
        <result property="name" column="name" />
        <result property="idcard" column="idcard" />
        <result property="phone" column="phone" />
        <result property="user_id" column="user_id" />
    </resultMap>


    <insert id="insertapply" parameterType="Pojo.Apply">
        insert into apply(house_id, address, price, area, status, userlist_id)
        values (#{house_id}, #{address}, #{price}, #{area}, #{status}, #{userlist_id})
    </insert>

    <select id="findapplylist" resultMap="ApplyUserlistResultMap">
        SELECT a.*,
               u.*
        FROM apply a
                 JOIN `userlist` u ON u.id = a.userlist_id
    </select>
    <select id="findbyhouse_id" parameterType="string" resultType="Pojo.Apply">
        select *
        from apply
        where house_id = #{house_id}
    </select>
    <delete id="deletebyhouse_id" parameterType="String">
        delete
        from apply
        where house_id = #{house_id}
    </delete>
</mapper>