<?xml version="1.0" encoding="UTF-8"?>
<beans xmlns="http://www.springframework.org/schema/beans"
	xmlns:context="http://www.springframework.org/schema/context" xmlns:p="http://www.springframework.org/schema/p"
	xmlns:aop="http://www.springframework.org/schema/aop" xmlns:tx="http://www.springframework.org/schema/tx"
	xmlns:xsi="http://www.w3.org/2001/XMLSchema-instance"
	xsi:schemaLocation="http://www.springframework.org/schema/beans http://www.springframework.org/schema/beans/spring-beans-4.0.xsd
	http://www.springframework.org/schema/context http://www.springframework.org/schema/context/spring-context-4.0.xsd
	http://www.springframework.org/schema/aop http://www.springframework.org/schema/aop/spring-aop-4.0.xsd http://www.springframework.org/schema/tx http://www.springframework.org/schema/tx/spring-tx-4.0.xsd
	http://www.springframework.org/schema/util http://www.springframework.org/schema/util/spring-util-4.0.xsd">

	<!-- 加载配置文件 -->
	<context:property-placeholder location="classpath:db.properties" />
	<!-- 数据库连接池 -->
	<bean id="dataSource" class="org.apache.commons.dbcp.BasicDataSource"
		destroy-method="close">
		<property name="driverClassName" value="${jdbc.driver}" />
		<property name="url" value="${jdbc.url}" />
		<property name="username" value="${jdbc.username}" />
		<property name="password" value="${jdbc.password}" />
		<property name="maxActive" value="10" />
		<property name="maxIdle" value="5" />
	</bean>
	
	<!-- mapper配置 -->
	<!-- 让spring管理sqlsessionfactory 使用mybatis和spring整合包中的 -->
	<bean id="sqlSessionFactory" class="org.mybatis.spring.SqlSessionFactoryBean">
		<!-- 数据库连接池 -->
		<property name="dataSource" ref="dataSource" />
		<!-- 加载mybatis的全局配置文件 -->
		<property name="configLocation" value="classpath:SqlMapConfig.xml" />
		<property name="plugins">
            <array>
                <bean class="com.github.pagehelper.PageHelper">
                    <property name="properties">
                        <value>
                            dialect=mysql
                        </value>
                    </property>
                </bean>
            </array>
        </property>
	</bean>
	
	<!-- 配置Mapper扫描器 -->
	<bean class="org.mybatis.spring.mapper.MapperScannerConfigurer">
		<property name="basePackage" value="dao"/>
	</bean>


	<!-- 日志配置 -->
	<bean id="log4jConfigurer" class="org.springframework.beans.factory.config.MethodInvokingFactoryBean">
		<property name="staticMethod" value="org.springframework.util.Log4jConfigurer.initLogging"/>
		<property name="arguments">
			<list>
				<value>classpath:log4j.properties</value>
			</list>
		</property>
	</bean>
	<!-- MyBatis日志工厂配置 -->
	<bean id="myBatisLogFactory" class="org.apache.ibatis.logging.log4j.Log4jImpl">
		<constructor-arg value="sqlSessionFactoryBean"/>
	</bean>

</beans>
